codigo;ch
ALLP220011;15
ALLP221008;30
ALLP230005;30
ALLP230007;15
ALLP230008;30
ALLP230012;30
ALLP230014;15
BDAD230003;30
BDAD230010;15
COAP230003;30
COAP230004;30
COAP230023;30
COAP230024;30
COAP230028;30
COAP230029;30
EGSW221005;15
EGSW230021;30
EGSW230025;15
EGSW230028;30
EGSW230031;15
ESDS230001;15
ESDS230003;15
EST230170;30
EST230171;30
EXTE230012;80
EXTE230014;80
FCOM221002;15
FCOM230009;15
FCOM230011;15
FUNH230004;15
FUNH230009;30
FUNH230010;15
GEIE230002;15
GNES230002;30
GNES230004;15
GNES230006;15
GNES230038;30
INAR230002;30
INAR230006;15
INRC230002;15
INRC230003;15
INRC230004;15
INRC230011;15
MAPC230014;15
MATE230013;15
PRIN220003;15
PRIN220004;15
PRIN220008;15
PRIN220009;15
PRIN221003;15
PRIN221004;15
